{
    "colors": {
        "0": {
            "a": 1.0,
            "b": 1.0,
            "g": 1.0,
            "r": 1.0
        },
        "1": {
            "a": 1.0,
            "b": 0.5,
            "g": 0.5,
            "r": 0.5
        },
        "10": {
            "a": 1.0,
            "b": 0.03999999910593033,
            "g": 0.03999999910593033,
            "r": 0.03999999910593033
        },
        "11": {
            "a": 1.0,
            "b": 0.47999998927116394,
            "g": 0.28999999165534973,
            "r": 0.1599999964237213
        },
        "12": {
            "a": 0.5099999904632568,
            "b": 0.0,
            "g": 0.0,
            "r": 0.0
        },
        "13": {
            "a": 1.0,
            "b": 0.14000000059604645,
            "g": 0.14000000059604645,
            "r": 0.14000000059604645
        },
        "14": {
            "a": 0.5299999713897705,
            "b": 0.019999999552965164,
            "g": 0.019999999552965164,
            "r": 0.019999999552965164
        },
        "15": {
            "a": 1.0,
            "b": 0.3100000023841858,
            "g": 0.3100000023841858,
            "r": 0.3100000023841858
        },
        "16": {
            "a": 1.0,
            "b": 0.4099999964237213,
            "g": 0.4099999964237213,
            "r": 0.4099999964237213
        },
        "17": {
            "a": 1.0,
            "b": 0.5099999904632568,
            "g": 0.5099999904632568,
            "r": 0.5099999904632568
        },
        "18": {
            "a": 1.0,
            "b": 0.0,
            "g": 0.5,
            "r": 0.0
        },
        "19": {
            "a": 0.800000011920929,
            "b": 0.6819999814033508,
            "g": 0.6349999904632568,
            "r": 0.22300000488758087
        },
        "2": {
            "a": 1.0,
            "b": 0.16470588743686676,
            "g": 0.1764705926179886,
            "r": 0.1764705926179886
        },
        "20": {
            "a": 1.0,
            "b": 0.6819999814033508,
            "g": 0.6349999904632568,
            "r": 0.22300000488758087
        },
        "21": {
            "a": 1.0,
            "b": 0.6029999852180481,
            "g": 0.5640000104904175,
            "r": 0.19599999487400055
        },
        "22": {
            "a": 0.5,
            "b": 0.6029999852180481,
            "g": 0.5640000104904175,
            "r": 0.19599999487400055
        },
        "23": {
            "a": 0.5,
            "b": 0.6819999814033508,
            "g": 0.6349999904632568,
            "r": 0.22300000488758087
        },
        "24": {
            "a": 0.3100000023841858,
            "b": 0.9800000190734863,
            "g": 0.5899999737739563,
            "r": 0.25999999046325684
        },
        "25": {
            "a": 0.800000011920929,
            "b": 0.9800000190734863,
            "g": 0.5899999737739563,
            "r": 0.25999999046325684
        },
        "26": {
            "a": 1.0,
            "b": 0.9800000190734863,
            "g": 0.5899999737739563,
            "r": 0.25999999046325684
        },
        "27": {
            "a": 0.5,
            "b": 0.5,
            "g": 0.4300000071525574,
            "r": 0.4300000071525574
        },
        "28": {
            "a": 0.7799999713897705,
            "b": 0.75,
            "g": 0.4000000059604645,
            "r": 0.10000000149011612
        },
        "29": {
            "a": 1.0,
            "b": 0.75,
            "g": 0.4000000059604645,
            "r": 0.10000000149011612
        },
        "3": {
            "a": 0.0,
            "b": 0.0,
            "g": 0.0,
            "r": 0.0
        },
        "30": {
            "a": 0.20000000298023224,
            "b": 0.9800000190734863,
            "g": 0.5899999737739563,
            "r": 0.25999999046325684
        },
        "31": {
            "a": 0.6700000166893005,
            "b": 0.9800000190734863,
            "g": 0.5899999737739563,
            "r": 0.25999999046325684
        },
        "32": {
            "a": 0.949999988079071,
            "b": 0.9800000190734863,
            "g": 0.5899999737739563,
            "r": 0.25999999046325684
        },
        "33": {
            "a": 0.8619999885559082,
            "b": 0.5800000429153442,
            "g": 0.34999996423721313,
            "r": 0.17999999225139618
        },
        "34": {
            "a": 0.800000011920929,
            "b": 0.9800000190734863,
            "g": 0.5899999737739563,
            "r": 0.25999999046325684
        },
        "35": {
            "a": 1.0,
            "b": 0.6800000071525574,
            "g": 0.4099999666213989,
            "r": 0.19999998807907104
        },
        "36": {
            "a": 0.9724000096321106,
            "b": 0.14800003170967102,
            "g": 0.10199998319149017,
            "r": 0.06800000369548798
        },
        "37": {
            "a": 1.0,
            "b": 0.42399999499320984,
            "g": 0.2619999647140503,
            "r": 0.13599997758865356
        },
        "38": {
            "a": 1.0,
            "b": 0.6100000143051147,
            "g": 0.6100000143051147,
            "r": 0.6100000143051147
        },
        "39": {
            "a": 1.0,
            "b": 0.3499999940395355,
            "g": 0.4300000071525574,
            "r": 1.0
        },
        "4": {
            "a": 0.9399999976158142,
            "b": 0.07999999821186066,
            "g": 0.07999999821186066,
            "r": 0.07999999821186066
        },
        "40": {
            "a": 1.0,
            "b": 0.0,
            "g": 0.699999988079071,
            "r": 0.8999999761581421
        },
        "41": {
            "a": 1.0,
            "b": 0.0,
            "g": 0.6000000238418579,
            "r": 1.0
        },
        "42": {
            "a": 1.0,
            "b": 0.20000000298023224,
            "g": 0.1899999976158142,
            "r": 0.1899999976158142
        },
        "43": {
            "a": 1.0,
            "b": 0.3499999940395355,
            "g": 0.3100000023841858,
            "r": 0.3100000023841858
        },
        "44": {
            "a": 1.0,
            "b": 0.25,
            "g": 0.23000000417232513,
            "r": 0.23000000417232513
        },
        "45": {
            "a": 0.0,
            "b": 0.0,
            "g": 0.0,
            "r": 0.0
        },
        "46": {
            "a": 0.05999999865889549,
            "b": 1.0,
            "g": 1.0,
            "r": 1.0
        },
        "47": {
            "a": 0.3499999940395355,
            "b": 0.9800000190734863,
            "g": 0.5899999737739563,
            "r": 0.25999999046325684
        },
        "48": {
            "a": 0.8999999761581421,
            "b": 0.0,
            "g": 1.0,
            "r": 1.0
        },
        "49": {
            "a": 1.0,
            "b": 0.9800000190734863,
            "g": 0.5899999737739563,
            "r": 0.25999999046325684
        },
        "5": {
            "a": 0.5,
            "b": 0.5,
            "g": 0.4300000071525574,
            "r": 0.4300000071525574
        },
        "50": {
            "a": 0.699999988079071,
            "b": 1.0,
            "g": 1.0,
            "r": 1.0
        },
        "51": {
            "a": 0.20000000298023224,
            "b": 0.800000011920929,
            "g": 0.800000011920929,
            "r": 0.800000011920929
        },
        "52": {
            "a": 0.3499999940395355,
            "b": 0.800000011920929,
            "g": 0.800000011920929,
            "r": 0.800000011920929
        },
        "6": {
            "a": 0.0,
            "b": 0.0,
            "g": 0.0,
            "r": 0.0
        },
        "7": {
            "a": 1.0,
            "b": 0.2235294133424759,
            "g": 0.24705882370471954,
            "r": 0.24313725531101227
        },
        "8": {
            "a": 0.5,
            "b": 0.0,
            "g": 0.0,
            "r": 0.0
        },